,Unnamed: 0,키워드,품사,textrank
4,4,교류,NNG,4.434834893732764
5,5,총장,NNG,3.934735681167462
6,6,국제,NNG,3.922938405700928
7,7,교환,NNG,3.787782612594728
9,9,기관,NNG,3.7171784614905783
11,11,아시아,NNP,3.4703191302603846
13,13,협력,NNG,3.3536613490303857
14,14,학점,NNG,3.2396613551640066
16,16,홍보,NNG,3.2292044437953966
20,20,문화,NNG,2.671126891083101
23,23,연계,NNG,2.41763569172601
24,24,정보,NNG,2.3746134787303323
27,27,해외,NNG,2.175335318443218
28,28,창업,NNG,2.16988895653194
29,29,탐방,NNG,2.167976240478566
