,Unnamed: 0,키워드,품사,textrank
3,3,협력,NNG,24.64738605543187
22,22,지속,NNG,11.457566667338284
24,24,기관,NNG,10.763944487535058
28,28,지역,NNG,9.459300774269987
29,29,발전,NNG,9.369489295195816
