,Unnamed: 0,키워드,품사,textrank
3,3,협력,NNG,9.104717588517271
10,10,공동,NNG,6.235425896618734
12,12,협약,NNG,5.142809233654168
14,14,교류,NNG,5.025705496664104
17,17,기관,NNG,4.307671245550523
18,18,운영,NNG,4.1209405758806685
19,19,데이터,NNG,4.076490778130849
22,22,상호,NNG,3.938049533365111
24,24,프로그램,NNG,3.887689269959936
25,25,추진,NNG,3.873254767321614
28,28,양성,NNG,3.486154185157419
29,29,산학,NNG,3.3773215739308844
