,Unnamed: 0,키워드,품사,textrank
2,2,협력,NNG,11.541433985233644
13,13,공동,NNG,6.65315567321995
17,17,교류,NNG,5.435196142035527
21,21,구축,NNG,4.910179508348357
23,23,양성,NNG,4.747579185752207
24,24,기관,NNG,4.733135923590373
27,27,바이오,NNP,4.2642113279354
28,28,혁신,NNG,4.201846689063761
