,Unnamed: 0,키워드,품사,textrank
3,3,봉사,NNG,10.115237936672225
6,6,협력,NNG,5.767030761562685
8,8,글로벌,NNG,5.468120429000258
14,14,교류,NNG,4.322208876176069
18,18,기술,NNG,4.027874230660332
19,19,버디,NNG,3.778919850562725
21,21,국제,NNG,3.66726795644604
23,23,총장,NNG,3.559236154123803
24,24,사단,NNG,3.4774356823003205
25,25,협약,NNG,3.2050517060735406
27,27,재학,NNG,2.9291867845669426
28,28,면접,NNG,2.926452040063296
29,29,영화,NNG,2.919712348029227
