,Unnamed: 0,키워드,품사,textrank
1,1,협력,NNG,7.102968148180628
5,5,바이오,NNP,5.5481739476063
10,10,공동,NNG,4.458510423363314
12,12,과학,NNG,4.122311904133322
14,14,상호,NNG,3.495597159646851
18,18,미래,NNG,3.1941877079497925
19,19,캠퍼스,NNG,3.1382452949397845
24,24,대표,NNG,2.86390088101007
25,25,원장,NNG,2.849997514488214
26,26,협약,NNG,2.8418742214122656
28,28,인력,NNG,2.791755091311232
29,29,보건,NNG,2.791717355523987
