,Unnamed: 0,키워드,품사,textrank
11,11,협력,NNG,12.590775565358603
13,13,교류,NNG,11.93522041069682
17,17,방문,NNG,10.607925446390317
23,23,봉사,NNG,9.389417979128742
26,26,주제,NNG,8.94529209715512
27,27,글로벌,NNG,8.805971887832532
28,28,미국,NNP,7.816114906770727
29,29,지역,NNG,7.757127197784743
