,Unnamed: 0,키워드,품사,textrank
6,6,교류,NNG,13.5286766816965
11,11,대사,NNG,10.534537437308172
16,16,활동,NNG,9.63300602520514
18,18,봉사,NNG,8.619036570170737
25,25,학술,NNG,6.959479087862061
28,28,방문,NNG,6.440169983563811
29,29,주한,NNG,6.288383176246874
