,Unnamed: 0,키워드,품사,textrank
4,4,산학,NNG,15.174232992260816
25,25,교류,NNG,5.860578252256408
26,26,협약,NNG,5.694304161698626
27,27,국제,NNG,5.592369296960647
28,28,글로벌,NNG,5.496277416619947
29,29,행사,NNG,5.45004374558123
