,Unnamed: 0,키워드,품사,textrank
11,11,국제,NNG,9.32566844312663
13,13,교류,NNG,8.951300698935553
14,14,기관,NNG,8.123680429632921
22,22,공동,NNG,6.340002167422369
25,25,구축,NNG,5.407959400763585
28,28,혁신,NNG,4.991275208784947
