,Unnamed: 0,키워드,품사,textrank
13,13,교류,NNG,6.22525694251802
16,16,협약,NNG,5.641594245241173
28,28,활성,NNG,4.24726097014535
29,29,업무,NNG,3.986403322153225
