,Unnamed: 0,키워드,품사,textrank
12,12,공동,NNG,6.576604419714525
14,14,교류,NNG,6.184361808133255
20,20,발전,NNG,5.259135161368173
21,21,한국,NNP,5.18022643328318
24,24,국제,NNG,4.923465885931755
26,26,포럼,NNG,4.574168610339227
28,28,협의회,NNG,4.541634527555639
