,Unnamed: 0,키워드,품사,textrank
6,6,기관,NNG,10.232626080922602
17,17,공동,NNG,5.7101768533444215
18,18,협약,NNG,5.676645395081502
21,21,기반,NNG,5.590658602633464
22,22,산업,NNG,5.443367508401021
26,26,구축,NNG,4.987890990995794
29,29,국제,NNG,4.760753141087056
