,Unnamed: 0,키워드,품사,textrank
0,0,협력,NNG,13.290181040165244
10,10,산학,NNG,6.009978103640525
19,19,포럼,NNG,4.186292760248549
21,21,공동,NNG,3.943818445924429
22,22,선정,NNG,3.819762942787858
24,24,산학연,NNG,3.60166335249523
25,25,국제,NNG,3.479166490769637
26,26,백신,NNG,3.366810150225185
27,27,추진,NNG,3.359828165365659
