,Unnamed: 0,키워드,품사,textrank
19,19,생각,NNG,23.78853843981182
23,23,강의,NNG,22.77330599727299
24,24,의학,NNG,22.315661175390044
26,26,평가,NNG,21.16906437969791
29,29,선정,NNG,20.519499567590344
