,Unnamed: 0,키워드,품사,textrank
6,6,수업,NNG,18.59525437408689
9,9,수강,NNG,17.02259713046695
13,13,강의,NNG,15.06719240893925
19,19,장학금,NNG,12.019630719673092
24,24,가능,NNG,10.781299380428033
29,29,고,NNG,9.543360692682922
