,Unnamed: 0,키워드,품사,textrank
26,26,의학,NNG,10.906250490526777
28,28,프로그램,NNG,10.395233660438771
