,Unnamed: 0,키워드,품사,textrank
12,12,수업,NNG,14.448799783581642
17,17,학습,NNG,12.63072795633422
19,19,평가,NNG,12.259501148684198
