,Unnamed: 0,키워드,품사,textrank
17,17,장학금,NNG,16.114464452732154
18,18,학과,NNG,15.197903219815684
24,24,처장,NNG,12.951473880816607
26,26,상담,NNG,12.783585926613677
27,27,대회,NNG,12.624882996127
