,Unnamed: 0,키워드,품사,textrank
12,12,과학,NNG,18.90083443250052
22,22,프로그램,NNG,14.169318714373352
23,23,평가,NNG,13.851369574765666
24,24,학기,NNG,13.589336373096568
27,27,과정,NNG,12.454069670828767
