,Unnamed: 0,키워드,품사,textrank
6,6,치료,NNG,14.102537773708098
7,7,행복,NNG,13.975290180149583
15,15,수술,NNG,9.968934956208685
17,17,질환,NNG,9.262421171410654
21,21,행사,NNG,8.901198368344899
23,23,의대,NNG,8.47995774106045
24,24,의학,NNG,8.183902906306754
27,27,평가,NNG,7.808329208722346
