,Unnamed: 0,키워드,품사,textrank
15,15,코로나,NNP,18.313883670900207
29,29,과학,NNG,13.057900158584308
