,Unnamed: 0,키워드,품사,textrank
18,18,평가,NNG,12.201049013197542
21,21,진행,NNG,11.36486605862974
28,28,코로나,NNP,10.676535892209598
