,Unnamed: 0,키워드,품사,textrank
21,21,과정,NNG,12.914536902225077
26,26,공학,NNG,11.072389315735114
28,28,전공,NNG,10.41373978714305
29,29,활용,NNG,10.104594031542575
