,Unnamed: 0,키워드,품사,textrank
22,22,운영,NNG,12.534459572737276
24,24,한편,NNG,12.059740824235629
