,Unnamed: 0,키워드,품사,textrank
7,7,학생,NNG,16.457619995003775
17,17,코로나,NNP,12.371787679166328
20,20,건강,NNG,11.373658654240112
21,21,프로그램,NNG,10.28159247791686
26,26,전국,NNG,9.595103190149896
