,Unnamed: 0,키워드,품사,textrank
19,19,코로나,NNP,14.589315553875274
24,24,평가,NNG,12.777771533120452
29,29,치료,NNG,11.893241828886667
