,Unnamed: 0,키워드,품사,textrank
8,8,탄소,NNG,8.176207005692158
12,12,환경,NNG,7.274708452461198
17,17,이용,NNG,6.395545073859132
18,18,결과,NNG,6.163964955163033
22,22,화학,NNG,5.948651809588151
23,23,학회,NNG,5.869494299758246
24,24,활용,NNG,5.73134739795138
26,26,해양,NNG,5.557242737284938
27,27,생산,NNG,5.449917136069634
28,28,효율,NNG,5.449508327294005
