,Unnamed: 0,키워드,품사,textrank
7,7,교지,NNG,5.632043134062271
9,9,병원,NNG,4.997968022911193
11,11,동물,NNG,4.6256847538279775
12,12,일감,NNG,4.463583607481708
13,13,수,NNG,4.369734610236641
15,15,환경,NNG,4.340638609289058
18,18,공간,NNG,3.970135153424664
19,19,실험,NNG,3.96980280583767
20,20,진료,NNG,3.9644595494945976
21,21,앞,NNG,3.9443938074509375
23,23,하우스,NNP,3.9033495457592817
25,25,시설,NNG,3.774583060743387
29,29,예정,NNG,3.405320993229374
