,Unnamed: 0,키워드,품사,textrank
9,9,환경,NNG,15.653027102378086
11,11,우주,NNG,15.097502661691529
18,18,에너지,NNG,13.0125894029113
27,27,탄소,NNG,10.010307947565698
