,Unnamed: 0,키워드,품사,textrank
3,3,환경,NNG,19.31592463337349
9,9,기후,NNG,11.983695914782473
15,15,논문,NNG,10.716551461109008
20,20,학술,NNG,9.36661546957729
21,21,수소,NNG,9.21793166110693
22,22,해양,NNG,9.151070141451164
26,26,발표,NNG,8.213978097963762
