,Unnamed: 0,키워드,품사,textrank
7,7,학술,NNG,7.247056584329849
9,9,과학,NNG,6.159131458180638
10,10,연어,NNG,6.057994816476609
12,12,개발,NNG,5.97795518666015
14,14,공학,NNG,5.372660017464674
22,22,생명,NNG,4.139502974103359
23,23,소재,NNG,4.082389303389505
25,25,연구소,NNG,4.019311146767314
26,26,자연,NNG,3.731311704570408
29,29,탄수화물,NNG,3.489482550682584
