,Unnamed: 0,키워드,품사,textrank
4,4,수소,NNG,16.390663386370996
12,12,환경,NNG,10.069294718473508
15,15,소재,NNG,8.992305882244812
16,16,화학,NNG,8.657962943724604
21,21,탄소,NNG,7.120339864964249
23,23,이용,NNG,6.6797230073110425
24,24,시스템,NNG,6.642329204486329
25,25,생산,NNG,6.631781464855221
28,28,구조,NNG,6.243662250248303
