,Unnamed: 0,키워드,품사,textrank
9,9,참가,NNG,4.717801792165964
13,13,사업단,NNG,4.015123270496611
14,14,박람회,NNG,3.7841411731171735
18,18,기상,NNG,3.3620312412063447
19,19,개선,NNG,3.2563473025377654
20,20,제품,NNG,3.2460276454214787
22,22,환경,NNG,3.150313805740934
24,24,개발,NNG,3.006255143600744
26,26,전시회,NNG,2.9592063800493817
