,Unnamed: 0,키워드,품사,textrank
3,3,기후,NNG,12.706887293411556
4,4,환경,NNG,12.09747619437352
14,14,변화,NNG,8.529761395957442
25,25,화학,NNG,7.16739079303758
28,28,에너지,NNG,6.614786663313899
