,Unnamed: 0,키워드,품사,textrank
7,7,탄소,NNG,13.870609948398856
11,11,수소,NNG,10.830417628642875
12,12,환경,NNG,10.53766242567299
18,18,소재,NNG,8.995293236554941
20,20,논문,NNG,8.652091705481393
22,22,활용,NNG,8.045858754905677
23,23,생산,NNG,7.747988152325967
25,25,가능,NNG,7.517260177695901
29,29,동물,NNG,7.162806608876608
