,Unnamed: 0,키워드,품사,textrank
6,6,해양,NNG,16.494411246845782
19,19,환경,NNG,9.645513889854424
28,28,생물,NNG,7.996013595230829
