,Unnamed: 0,키워드,품사,textrank
5,5,수산,NNG,16.186092624944553
10,10,해양,NNG,9.894302266230556
20,20,세계,NNG,7.552717622407595
28,28,과학,NNG,5.444399057544862
29,29,환경,NNG,5.414624417355343
