,Unnamed: 0,키워드,품사,textrank
11,11,환경,NNG,8.565207343537722
12,12,학술,NNG,8.546769322645646
13,13,논문,NNG,8.317531761688418
20,20,화학,NNG,7.223171666011189
23,23,학회,NNG,6.23681447563098
25,25,탄소,NNG,5.721469912077571
26,26,소비자,NNG,5.6872638832119655
28,28,수상,NNG,5.608647058849897
29,29,발표,NNG,5.538757958901125
