,Unnamed: 0,키워드,품사,textrank
3,3,축제,NNG,14.602784605633262
7,7,단양,NNG,10.219005753336852
8,8,여름,NNG,9.840342024749132
12,12,때,NNG,8.856335710462922
15,15,행사,NNG,8.098367301172269
16,16,곳,NNG,8.043178888452923
18,18,체험,NNG,7.836483715751549
20,20,길,NNG,7.811275540294704
23,23,점검,NNG,7.258167524742324
25,25,물,NNG,7.215975531010384
26,26,괴산,NNG,7.16712044796429
28,28,사람,NNG,7.1177295424884734
