,Unnamed: 0,키워드,품사,textrank
9,9,환경,NNG,12.063790856969351
15,15,사용,NNG,10.13736777679853
16,16,박물관,NNG,9.473833379222947
19,19,수소,NNG,7.6347563967984895
22,22,활용,NNG,6.932565464670838
24,24,소재,NNG,6.768734483721856
25,25,우주,NNG,6.760548188069832
27,27,촉매,NNG,6.223688087734611
28,28,탄소,NNG,6.143927427617443
