,Unnamed: 0,키워드,품사,textrank
2,2,독도,NNP,7.689393680339362
10,10,전문,NNG,3.997125707756682
11,11,평가,NNG,3.9071962352726657
13,13,법학,NNG,3.731883416282468
14,14,행정,NNG,3.639209521323932
16,16,대학원,NNG,3.4205667971101765
17,17,홍원화,NNP,3.266362139000752
19,19,문화,NNG,3.073323940711927
20,20,올해,NNG,2.6985949431516096
25,25,활동,NNG,2.532979975926712
29,29,학번,NNG,2.398050504390077
