,Unnamed: 0,키워드,품사,textrank
10,10,총장,NNG,24.94618914510857
13,13,정치,NNG,18.438620286268502
21,21,날,NNG,14.623424810186554
23,23,학교,NNG,14.173601924978716
25,25,시대,NNG,13.60781848131112
27,27,구성원,NNG,12.51010415496324
