,Unnamed: 0,키워드,품사,textrank
2,2,선거,NNG,24.13602593103573
5,5,후보,NNG,16.23327080530541
6,6,총학생회,NNG,15.111519592536023
9,9,학생회,NNG,12.042191750163592
12,12,중앙,NNG,10.44473892612125
14,14,단과,NNG,9.800020633465852
15,15,투표,NNG,9.743382385882311
18,18,본부,NNG,9.096909534092482
19,19,당선,NNG,8.791408507384471
21,21,논의,NNG,8.389766241050275
22,22,위원장,NNG,8.249691363088338
26,26,사회,NNG,7.780776046931265
27,27,징계,NNG,7.722590297706021
28,28,기구,NNG,7.71151207864193
29,29,공약,NNG,7.705646846002281
