,Unnamed: 0,키워드,품사,textrank
5,5,로스쿨,NNP,9.577655535201826
8,8,전국,NNG,8.24127159993091
10,10,부마민주항쟁,NNP,7.725496279604472
13,13,민주,NNG,6.934304957669601
16,16,국가,NNG,6.706446022296068
20,20,국립,NNG,5.298198677022942
22,22,법학,NNG,5.282998519552312
24,24,참여,NNG,5.2478014391730365
25,25,역사,NNG,5.194798096800713
26,26,전문,NNG,5.104120274921538
27,27,법,NNG,5.025234439321106
28,28,기념,NNG,5.004193659288767
