,Unnamed: 0,키워드,품사,textrank
5,5,동아리,NNG,7.838721819322
8,8,홍보,NNG,6.369821216827593
10,10,준비,NNG,4.952148599537909
12,12,국방,NNG,4.60713463875608
16,16,사이버,NNG,3.755808924348065
23,23,공연,NNG,3.1821134708350813
24,24,로스쿨,NNP,3.1709634193529537
28,28,반,NNG,3.1010647197776557
29,29,사진,NNG,2.9777749747596065
