,Unnamed: 0,키워드,품사,textrank
16,16,외교,NNG,7.077589105751417
21,21,발전,NNG,5.716294618117267
22,22,김인철,NNP,5.690239663407879
27,27,시험,NNG,5.150290519800617
28,28,사회,NNG,5.009233729930438
