,Unnamed: 0,키워드,품사,textrank
11,11,발전,NNG,11.51242446452935
14,14,전문,NNG,10.141608249688936
16,16,학회,NNG,9.484723442412266
21,21,시험,NNG,8.219209217050546
23,23,법학,NNG,7.984467270807388
25,25,통일,NNG,7.518439633235454
27,27,기여,NNG,7.345762269642338
28,28,학과,NNG,7.208070525595289
