,Unnamed: 0,키워드,품사,textrank
7,7,통일,NNG,9.721534878121094
11,11,전문,NNG,8.057730134851177
15,15,법학,NNG,6.48421944429509
18,18,발전,NNG,6.097705896956419
22,22,학회,NNG,5.477893634979435
23,23,지역,NNG,5.197957373426982
24,24,분석,NNG,5.0809098133168655
26,26,국방,NNG,5.013939375630152
