,Unnamed: 0,키워드,품사,textrank
7,7,도박,NNG,9.767958910435375
8,8,변호사,NNG,8.9827647572473
10,10,문제,NNG,8.75651205359181
11,11,법,NNG,8.704302160714963
16,16,발전,NNG,7.143923054287143
19,19,대학원,NNG,6.469605067958692
22,22,활동,NNG,5.997874655623954
23,23,동문,NNG,5.647442824601649
24,24,관리,NNG,5.598638099208413
25,25,외교,NNG,5.55397110646798
26,26,대표,NNG,5.521068982817451
