,Unnamed: 0,키워드,품사,textrank
11,11,길,NNG,9.638690256478151
12,12,역사,NNG,9.59825277974127
14,14,회장,NNG,9.449818975640405
21,21,대학원,NNG,6.770590470270862
22,22,기념,NNG,6.676759360753653
23,23,인권,NNG,6.591453561914226
25,25,활동,NNG,6.061351440006495
26,26,참석,NNG,5.938655055560237
27,27,운동,NNG,5.936263053821847
28,28,정성택,NNP,5.9277255529599024
29,29,미래,NNG,5.913712520194125
