,Unnamed: 0,키워드,품사,textrank
13,13,인권,NNG,6.705709303006561
15,15,학술,NNG,6.11712233460532
16,16,대회,NNG,6.04094749139098
20,20,주제,NNG,5.248953333371017
27,27,행사,NNG,4.356894654123562
28,28,역사,NNG,4.251414757296588
29,29,자치,NNG,4.245840016929964
