,Unnamed: 0,키워드,품사,textrank
4,4,법률,NNG,22.189918899054412
13,13,법,NNG,9.32457656365406
15,15,인권,NNG,9.004188857512128
18,18,주제,NNG,8.196362098420147
19,19,전문,NNG,8.07403838032173
22,22,회장,NNG,7.396335286350388
23,23,회,NNG,7.388177726619724
24,24,미래,NNG,7.007307723638502
25,25,시민,NNG,6.997330573789492
27,27,세계,NNG,6.813695780262322
29,29,변호,NNG,6.451302988966318
