,Unnamed: 0,키워드,품사,textrank
23,23,기업,NNG,10.731116248533052
29,29,대회,NNG,9.33024346582424
