,Unnamed: 0,키워드,품사,textrank
12,12,장애,NNG,14.640643331532898
23,23,행사,NNG,11.2528477004071
