,Unnamed: 0,키워드,품사,textrank
15,15,창업,NNG,29.834063707138142
21,21,산업,NNG,23.205612253022505
27,27,캠퍼스,NNG,20.36883645186472
