,Unnamed: 0,키워드,품사,textrank
9,9,창업,NNG,21.968674392042896
23,23,취업,NNG,14.26766446918413
24,24,대회,NNG,13.632687993498394
27,27,기업,NNG,12.53348419501676
29,29,가능,NNG,11.939293804361522
