,Unnamed: 0,키워드,품사,textrank
25,25,행사,NNG,19.64774352026632
28,28,융합,NNG,18.26416873426032
