,Unnamed: 0,키워드,품사,textrank
12,12,기업,NNG,11.529492933462384
15,15,경험,NNG,9.90055138225543
20,20,지원,NNG,9.118538374780234
23,23,사용,NNG,8.338966094001275
24,24,문화,NNG,7.797774573668705
25,25,혁신,NNG,7.765998890825051
28,28,산업,NNG,7.464246939432543
