,Unnamed: 0,키워드,품사,textrank
9,9,취업,NNG,23.58597789818252
27,27,진로,NNG,15.5035439916403
28,28,기업,NNG,14.399648320081146
29,29,해외,NNG,13.26064881788033
