,Unnamed: 0,키워드,품사,textrank
18,18,대회,NNG,21.18943132819091
25,25,수상,NNG,18.025356345643655
