,Unnamed: 0,키워드,품사,textrank
20,20,기업,NNG,16.95910113838568
21,21,지식,NNG,16.84878563428115
23,23,양성,NNG,16.65057265265715
25,25,재산,NNG,15.23668444341746
27,27,취업,NNG,14.933289055299946
