,Unnamed: 0,키워드,품사,textrank
10,10,창업,NNG,41.17426181089294
25,25,팀,NNG,19.82581817886136
28,28,프로그램,NNG,17.41134713645103
