,Unnamed: 0,키워드,품사,textrank
14,14,계획,NNG,15.663758644851727
18,18,추진,NNG,14.078276228593776
24,24,도시,NNG,13.119546347155266
