,Unnamed: 0,키워드,품사,textrank
20,20,창업,NNG,16.951371961120476
25,25,기업,NNG,16.151357332612434
