,Unnamed: 0,키워드,품사,textrank
8,8,창업,NNG,37.72684033685341
29,29,혁신,NNG,16.64596665874767
