,Unnamed: 0,키워드,품사,textrank
10,10,평화,NNG,38.21662380924488
18,18,회장,NNG,28.93481177969656
22,22,문화,NNG,27.88074674227821
23,23,경희,NNG,27.54151378627743
24,24,동문,NNG,27.40553852187664
26,26,문제,NNG,25.5019817510484
28,28,대학원,NNG,24.872156949946756
29,29,시민,NNG,24.595170342371063
