,Unnamed: 0,키워드,품사,textrank
15,15,교류,NNG,33.759399990484845
19,19,기관,NNG,30.92346205810447
23,23,공동,NNG,27.72086880765708
