,Unnamed: 0,키워드,품사,textrank
7,7,환경,NNG,51.79335304392946
20,20,기후,NNG,33.14115491481158
24,24,활용,NNG,30.08213989241723
25,25,논문,NNG,29.533276158999072
26,26,변화,NNG,28.968196176020907
29,29,관련,NNG,25.943497103652824
