,Unnamed: 0,키워드,품사,textrank
25,25,전공,NNG,61.14616436378547
28,28,평가,NNG,58.10748078045164
