,Unnamed: 0,키워드,품사,textrank
17,17,창업,NNG,86.41243300713997
21,21,기업,NNG,79.0503079701055
28,28,대표,NNG,66.62233965979607
29,29,학과,NNG,61.99873548457415
